Track,ISRC,Spotify Track Ids,Artist(s),Spotify Artist Id(s),Album(s),UPC,Spotify Album Ids,Release Date,Record Label,Country,Days on Chart,Chart Type,Chart Cycle,Peak Position,Peak Date,Latest Position,Position Change,Latest Charting Date,Historical Positions,Spotify Track Link,Spotify Album Link,Spotify Artist Link
Old Town Road,USSM11901941,53CJANUxooaqGOtdsBTh7O,Lil Nas X,7jVv8c5Fj3E9VhNjxT4snq,Old Town Road,886447622827,63nQw5QNKBUAh4bvqSz3rJ,2019-03-13,Lil Nas X,Australia,2,viral,daily,1,2019-03-15,1,0,2019-03-16,"1, 1",https://open.spotify.com/track/53CJANUxooaqGOtdsBTh7O,https://open.spotify.com/album/63nQw5QNKBUAh4bvqSz3rJ,https://open.spotify.com/artist/7jVv8c5Fj3E9VhNjxT4snq
11 Minutes (with Halsey feat. Travis Barker),USUG11800795,4mGdjNMo0RonTlOEb7cYg4,"YUNGBLUD, Halsey, Travis Barker","6Ad91Jof8Niiw0lGLLi3NW, 26VFTg2z8YR0cCuwLzESi2, 4exLIFE8sISLr28sqG1qNX",11 Minutes (with Halsey feat. Travis Barker),602577440595,7jY0r3cjoRY6M3IqRb1m7H,2019-02-13,"Locomotion Recordings, Geffen Records",Australia,7,viral,daily,2,2019-03-15,2,0,2019-03-16,"3, 3, 3, 3, 3, 2, 2",https://open.spotify.com/track/4mGdjNMo0RonTlOEb7cYg4,https://open.spotify.com/album/7jY0r3cjoRY6M3IqRb1m7H,https://open.spotify.com/artist/6Ad91Jof8Niiw0lGLLi3NW
Murder On My Mind,QMCE31801827,7eBqSVxrzQZtK2mmgRG6lC,YNW Melly,1cNDP5yjU5vjeR8qMf4grg,I AM YOU,814908026372,7naY6j4wcgUxfHB98G79CW,2018-08-02,,Australia,32,viral,daily,1,2019-03-01,3,0,2019-03-16,"42, 17, 11, 7, 6, 4, 4, 3, 3, 3, 3, 3, 3, 3, 2, 2, 1, 1, 2, 2, 2, 2, 2, 2, 2, 2, 2, 2, 2, 2, 3, 3",https://open.spotify.com/track/7eBqSVxrzQZtK2mmgRG6lC,https://open.spotify.com/album/7naY6j4wcgUxfHB98G79CW,https://open.spotify.com/artist/1cNDP5yjU5vjeR8qMf4grg
Brown Town Song,QZDA61927788,0n7zjTSJOraGmjXfzTX6NL,Jarrad Wright,6zuuEDpjycpfZtmGgDhRtM,The Big Lez Show Soundtrack,193829516880,1S3p4gE0ItGRNqc07vDxPa,2019-02-11,Records DK,Australia,7,viral,daily,4,2019-03-15,4,0,2019-03-16,"6, 7, 5, 5, 5, 4, 4",https://open.spotify.com/track/0n7zjTSJOraGmjXfzTX6NL,https://open.spotify.com/album/1S3p4gE0ItGRNqc07vDxPa,https://open.spotify.com/artist/6zuuEDpjycpfZtmGgDhRtM
"Thotiana (feat. Cardi B, YG) [Remix]",USKO11900097,1JkrD47SDpAbyvqKtolcea,"Blueface, Cardi B, YG","3Fl1V19tmjt57oBdxXKAjJ, 4kYSro6naA4h99UJvo89HB, 0A0FS04o6zMoto8OKPsDwY","Thotiana (feat. Cardi B, YG) [Remix]",634164173920,5DjuLFcOMVFgqG972w6fgp,2019-02-17,"Fifth Amendment Entertainment, eOne Music",Australia,7,viral,daily,4,2019-03-10,5,0,2019-03-16,"4, 4, 4, 4, 4, 5, 5",https://open.spotify.com/track/1JkrD47SDpAbyvqKtolcea,https://open.spotify.com/album/5DjuLFcOMVFgqG972w6fgp,https://open.spotify.com/artist/3Fl1V19tmjt57oBdxXKAjJ
Don't Call Me Up,GBUM71808052,5WHTFyqSii0lmT9R21abT8,Mabel,1MIVXf74SZHmTIp4V4paH4,Ivy To Roses (Mixtape),602577411656,0syM7OUAhV7S6XmOa4nLUZ,2019-01-17,Polydor Records,Australia,35,viral,daily,2,2019-02-12,6,1,2019-03-16,"7, 4, 2, 2, 2, 2, 2, 2, 2, 2, 2, 2, 2, 2, 2, 2, 2, 3, 3, 3, 3, 4, 4, 5, 5, 5, 6, 6, 7, 6, 7, 8, 8, 7, 6",https://open.spotify.com/track/5WHTFyqSii0lmT9R21abT8,https://open.spotify.com/album/0syM7OUAhV7S6XmOa4nLUZ,https://open.spotify.com/artist/1MIVXf74SZHmTIp4V4paH4
Woke Up Late (feat. Hailee Steinfeld),QMCE31801829,3qLBz3j26AHO2jBYUQWLA6,"Drax Project, Hailee Steinfeld","6S0IvKlvPMX1RtAYtVpUV8, 5p7f24Rk5HkUZsaS3BLG5F",Woke Up Late (feat. Hailee Steinfeld),814908026082,4orebNTJrv5qLKVBOunr1N,2019-01-20,300 Entertainment,Australia,31,viral,daily,4,2019-03-09,7,-1,2019-03-16,"46, 43, 39, 38, 30, 26, 18, 18, 16, 14, 15, 14, 16, 16, 16, 15, 14, 14, 11, 9, 7, 7, 5, 4, 5, 5, 6, 6, 6, 6, 7",https://open.spotify.com/track/3qLBz3j26AHO2jBYUQWLA6,https://open.spotify.com/album/4orebNTJrv5qLKVBOunr1N,https://open.spotify.com/artist/6S0IvKlvPMX1RtAYtVpUV8
Dissolve,USAT21704522,7pBrj5rt4SSxXwFKOyZfHR,Absofacto,7gAYvcQFmAruyvwGjxrSUr,Thousand Peaces,075679886712,79mdn7airf7jJw1dhV1PCI,2017-11-02,Absofacto,Australia,11,viral,daily,8,2019-03-16,8,1,2019-03-16,"25, 25, 25, 27, 27, 21, 20, 16, 12, 9, 8",https://open.spotify.com/track/7pBrj5rt4SSxXwFKOyZfHR,https://open.spotify.com/album/79mdn7airf7jJw1dhV1PCI,https://open.spotify.com/artist/7gAYvcQFmAruyvwGjxrSUr
TWIT,KRA381900397,6qyz1KOlGJsKYJ4ZsRmRSD,Hwa Sa,7bmYpVgQub656uNTu6qGNQ,TWIT,8804775099342,6KL4s0Y6Ijcj0QP1Nm1EVF,2019-02-12,"RBW, Inc",Australia,7,viral,daily,8,2019-03-15,9,-1,2019-03-16,"25, 26, 24, 19, 11, 8, 9",https://open.spotify.com/track/6qyz1KOlGJsKYJ4ZsRmRSD,https://open.spotify.com/album/6KL4s0Y6Ijcj0QP1Nm1EVF,https://open.spotify.com/artist/7bmYpVgQub656uNTu6qGNQ
Wannabe,TCADF1785646,6SQZ3rR7kNord3KYrom49J,why mona,5C1tex8vm00yFKTitiOnMU,Wannabe,193036756376,5ANR2zRWoxW225Sh0qBccw,2017-08-24,Lowly Palace,Australia,19,viral,daily,6,2019-03-02,10,0,2019-03-16,"8, 8, 7, 7, 6, 8, 8, 7, 9, 9, 8, 10, 14, 8, 8, 7, 7, 10, 10",https://open.spotify.com/track/6SQZ3rR7kNord3KYrom49J,https://open.spotify.com/album/5ANR2zRWoxW225Sh0qBccw,https://open.spotify.com/artist/5C1tex8vm00yFKTitiOnMU
Worth It,USUM71821752,4XiGKQqbmnMVxDzUj6j3f2,YK Osiris,7meyrw7Or5DwteYxDJrkCM,Worth It,602577381607,6xxdRevqix78TFbWJpO2AO,2019-01-24,Def Jam Recordings,Australia,14,viral,daily,11,2019-03-16,11,2,2019-03-16,"24, 23, 20, 18, 17, 14, 13, 12, 13, 12, 12, 13, 13, 11",https://open.spotify.com/track/4XiGKQqbmnMVxDzUj6j3f2,https://open.spotify.com/album/6xxdRevqix78TFbWJpO2AO,https://open.spotify.com/artist/7meyrw7Or5DwteYxDJrkCM
Please Me,USAT21811659,0PG9fbaaHFHfre2gUVo7AN,"Cardi B, Bruno Mars","4kYSro6naA4h99UJvo89HB, 0du5cEVh5yTK9QJze8zA0C",Please Me,075679853653,5a4sJJ3qjn6hqRsvm0Veso,2019-02-14,"Atlantic, KSR",Australia,7,viral,daily,8,2019-03-10,12,0,2019-03-16,"8, 10, 9, 10, 10, 12, 12",https://open.spotify.com/track/0PG9fbaaHFHfre2gUVo7AN,https://open.spotify.com/album/5a4sJJ3qjn6hqRsvm0Veso,https://open.spotify.com/artist/4kYSro6naA4h99UJvo89HB
Pure Water (with Migos),USUM71823137,63cd4JkwGgYJrbOizbfmsp,"Mustard, Migos","0YinUQ50QDB7ZxSCLyQ40k, 6oMuImdp5ZcFhWP0ESe6mG",Pure Water (with Migos),602577377846,1ypNy6o0C2ZbuuPPYkavVl,2019-01-15,"10 Summers, Interscope PS",Australia,35,viral,daily,3,2019-02-15,13,-2,2019-03-16,"4, 5, 5, 5, 5, 3, 3, 3, 3, 3, 4, 4, 4, 4, 5, 5, 5, 4, 5, 4, 4, 6, 6, 6, 6, 6, 7, 5, 11, 11, 10, 9, 9, 11, 13",https://open.spotify.com/track/63cd4JkwGgYJrbOizbfmsp,https://open.spotify.com/album/1ypNy6o0C2ZbuuPPYkavVl,https://open.spotify.com/artist/0YinUQ50QDB7ZxSCLyQ40k
Bust Down Thotiana,AUXN21905219,4IrdTItUDGxT4zOnRkKclN,DJ Buss,6JStG0EmqWCLG8vUgvQ6Ha,Bust Down Thotiana,9351384501135,25Poy2lXAW2cSuwFdcN2SE,2019-01-30,uSS Musik,Australia,10,viral,daily,9,2019-03-08,14,1,2019-03-16,"10, 9, 11, 9, 9, 11, 11, 17, 15, 14",https://open.spotify.com/track/4IrdTItUDGxT4zOnRkKclN,https://open.spotify.com/album/25Poy2lXAW2cSuwFdcN2SE,https://open.spotify.com/artist/6JStG0EmqWCLG8vUgvQ6Ha
i'm so tired...,GBKPL1933763,7COXchtUOMd6uIT6HvmRaI,"Lauv, Troye Sivan","5JZ7CnR6gTvEMKX4g70Amv, 3WGpXCj9YhhfX11TToZcXP",i'm so tired...,5056167111702,13yMsBNa2femeWzhcDOqFw,2019-01-23,Lauv,Australia,28,viral,daily,5,2019-02-17,15,-1,2019-03-16,"5, 6, 6, 6, 6, 8, 10, 9, 11, 12, 13, 11, 11, 10, 15, 14, 13, 11, 11, 11, 8, 13, 15, 14, 13, 14, 14, 15",https://open.spotify.com/track/7COXchtUOMd6uIT6HvmRaI,https://open.spotify.com/album/13yMsBNa2femeWzhcDOqFw,https://open.spotify.com/artist/5JZ7CnR6gTvEMKX4g70Amv
Swervin (feat. 6ix9ine),USAT21812918,1wJRveJZLSb1rjhnUHQiv6,"A Boogie Wit da Hoodie, 6ix9ine","31W5EY0aAly4Qieq6OFu6I, 7gZfnEnfiaHzxARJ2LeXrf",Hoodie SZN,075679857262,3r5hf3Cj3EMh1C2saQ8jyt,2018-12-20,"Highbridge the Label, Atlantic Records",Australia,52,viral,daily,16,2019-03-16,16,1,2019-03-16,"50, 50, 48, 45, 46, 49, 40, 41, 35, 30, 36, 25, 24, 25, 23, 22, 22, 28, 28, 22, 17, 18, 18, 17, 20, 24, 24, 23, 25, 24, 23, 23, 19, 22, 21, 21, 18, 19, 27, 25, 22, 19, 20, 20, 21, 23, 23, 26, 23, 20, 17, 16",https://open.spotify.com/track/1wJRveJZLSb1rjhnUHQiv6,https://open.spotify.com/album/3r5hf3Cj3EMh1C2saQ8jyt,https://open.spotify.com/artist/31W5EY0aAly4Qieq6OFu6I
Mixed Personalities (feat. Kanye West),QMCE31902201,6vWEAOUSxohKxhp0K1BsxL,"YNW Melly, Kanye West","1cNDP5yjU5vjeR8qMf4grg, 5K4W6rqBFWDnAN6FQUkS6x",We All Shine,814908027393,09b9NC1oQbYaHcacgXn66k,2019-01-17,,Australia,35,viral,daily,10,2019-03-01,17,-1,2019-03-16,"17, 17, 18, 16, 20, 20, 19, 16, 16, 13, 12, 12, 13, 13, 13, 13, 13, 14, 13, 10, 11, 17, 18, 16, 15, 14, 13, 14, 16, 14, 13, 14, 15, 16, 17",https://open.spotify.com/track/6vWEAOUSxohKxhp0K1BsxL,https://open.spotify.com/album/09b9NC1oQbYaHcacgXn66k,https://open.spotify.com/artist/1cNDP5yjU5vjeR8qMf4grg
Con Calma,US2BU1900125,5w9c2J52mkdntKOmRLeM2m,"Daddy Yankee, Snow","4VMYDCV2IEDYJArk749S6m, 3uZFBSsMiooimnprFL9jD1",Con Calma,602577433320,1otwHKoQ5KPaiekpYk4tWh,2019-01-23,El Cartel Records (EC3),Australia,28,viral,daily,6,2019-02-27,18,0,2019-03-16,"22, 20, 22, 22, 16, 11, 9, 7, 7, 7, 6, 6, 6, 7, 10, 9, 10, 12, 13, 16, 16, 15, 16, 18, 17, 19, 18, 18",https://open.spotify.com/track/5w9c2J52mkdntKOmRLeM2m,https://open.spotify.com/album/1otwHKoQ5KPaiekpYk4tWh,https://open.spotify.com/artist/4VMYDCV2IEDYJArk749S6m
Thotiana,QZDA51839408,3oh6SCCeLuXhFpEyepla6G,Blueface,3Fl1V19tmjt57oBdxXKAjJ,Famous Cryp,634164168223,2gZmrByp6yiyePHi3dzZ1d,2018-12-17,"Fifth Amendment Entertainment, eOne Music",Australia,62,viral,daily,1,2019-02-07,19,0,2019-03-16,"42, 39, 44, 40, 39, 37, 39, 32, 32, 30, 27, 23, 19, 21, 20, 20, 14, 12, 4, 3, 3, 3, 3, 2, 1, 1, 1, 1, 1, 1, 1, 1, 1, 1, 1, 1, 1, 1, 1, 1, 1, 1, 1, 1, 1, 1, 2, 2, 5, 5, 4, 4, 4, 4, 7, 18, 17, 17, 18, 18, 19, 19",https://open.spotify.com/track/3oh6SCCeLuXhFpEyepla6G,https://open.spotify.com/album/2gZmrByp6yiyePHi3dzZ1d,https://open.spotify.com/artist/3Fl1V19tmjt57oBdxXKAjJ
Undrunk,USUG11900006,5SHhPFh68OhUmuRPymKX9d,FLETCHER,5qa31A9HySw3T7MKWI9bGg,Undrunk,602577370403,5Skgz8BwS0Lfw2zlQSy1EB,2019-01-24,Capitol Records,Australia,18,viral,daily,20,2019-03-15,20,0,2019-03-16,"36, 36, 33, 29, 29, 30, 31, 34, 32, 36, 34, 37, 28, 28, 24, 22, 20, 20",https://open.spotify.com/track/5SHhPFh68OhUmuRPymKX9d,https://open.spotify.com/album/5Skgz8BwS0Lfw2zlQSy1EB,https://open.spotify.com/artist/5qa31A9HySw3T7MKWI9bGg
3 Nights,USQX91802455,1tNJrcVe6gwLEiZCtprs1u,Dominic Fike,48kSFSk02ijVsjICUAVZBo,"Don't Forget About Me, Demos",886447290170,1DNx0H5ZX1ax3yyRwtgT4S,2018-10-15,Columbia,Australia,124,viral,daily,2,2018-11-23,21,1,2019-03-16,"14, 17, 14, 12, 15, 12, 11, 12, 6, 5, 5, 3, 2, 3, 6, 7, 7, 7, 8, 8, 7, 6, 3, 3, 3, 3, 3, 3, 3, 3, 4, 4, 4, 4, 3, 5, 6, 6, 7, 7, 7, 9, 11, 12, 14, 18, 21, 20, 19, 25, 24, 24, 20, 18, 16, 16, 17, 16, 14, 11, 11, 11, 9, 11, 10, 11, 10, 10, 11, 10, 12, 10, 9, 8, 4, 4, 4, 4, 3, 2, 3, 2, 6, 5, 5, 5, 5, 5, 5, 5, 6, 6, 6, 6, 6, 6, 9, 9, 8, 8, 9, 9, 8, 11, 10, 11, 11, 12, 13, 13, 18, 16, 15, 16, 16, 15, 15, 19, 20, 21, 22, 24, 22, 21",https://open.spotify.com/track/1tNJrcVe6gwLEiZCtprs1u,https://open.spotify.com/album/1DNx0H5ZX1ax3yyRwtgT4S,https://open.spotify.com/artist/48kSFSk02ijVsjICUAVZBo
Last Hurrah,USWB11803381,0i0wnv9UoFdZ5MfuFGQzMy,Bebe Rexha,64M6ah0SkkRsnPGtGiRAbb,Last Hurrah,054391946652,5ljc69MQ6iwGcJ4SmHaAh5,2019-02-14,Warner Bros.,Australia,7,viral,daily,15,2019-03-13,22,1,2019-03-16,"17, 18, 16, 15, 16, 23, 22",https://open.spotify.com/track/0i0wnv9UoFdZ5MfuFGQzMy,https://open.spotify.com/album/5ljc69MQ6iwGcJ4SmHaAh5,https://open.spotify.com/artist/64M6ah0SkkRsnPGtGiRAbb
"break up with your girlfriend, i'm bored",USUM71900409,4kV4N9D1iKVxx1KLvtTpjS,Ariana Grande,66CXWjxzNUsdJxJ2JdwvnR,"thank u, next",602577490385,2fYhqwDWXjbpjaIJPEfKFw,2019-02-07,Republic Records,Australia,14,viral,daily,7,2019-03-03,23,-2,2019-03-16,"7, 7, 8, 8, 8, 10, 9, 20, 19, 19, 20, 21, 21, 23",https://open.spotify.com/track/4kV4N9D1iKVxx1KLvtTpjS,https://open.spotify.com/album/2fYhqwDWXjbpjaIJPEfKFw,https://open.spotify.com/artist/66CXWjxzNUsdJxJ2JdwvnR
Talk,USRC11900004,0rTV5WefWd1J3OwIheTzxM,"Khalid, Disclosure","6LuN9FCkKOj5PcnpouEgny, 6nS5roXSAGhTGr34W6n7Et",Talk,886447506318,58kvvQvx6OtLqEDhqYSzyM,2019-02-06,"Right Hand Music Group, RCA Records",Australia,14,viral,daily,3,2019-03-03,24,3,2019-03-16,"3, 3, 3, 3, 3, 3, 3, 10, 12, 15, 21, 26, 27, 24",https://open.spotify.com/track/0rTV5WefWd1J3OwIheTzxM,https://open.spotify.com/album/58kvvQvx6OtLqEDhqYSzyM,https://open.spotify.com/artist/6LuN9FCkKOj5PcnpouEgny
MIDDLE CHILD,QMJMT1902056,2JvzF1RMd7lE3KmFlsyZD8,J. Cole,6l3HvQ5sa6mXTsMTB19rO5,MIDDLE CHILD,810760037709,3XzSOIE6zGLliuqsVGLmUc,2019-01-22,Dreamville,Australia,28,viral,daily,4,2019-02-17,25,0,2019-03-16,"4, 5, 5, 5, 5, 5, 5, 8, 8, 9, 9, 9, 9, 8, 13, 15, 17, 17, 18, 19, 18, 24, 24, 22, 26, 27, 25, 25",https://open.spotify.com/track/2JvzF1RMd7lE3KmFlsyZD8,https://open.spotify.com/album/3XzSOIE6zGLliuqsVGLmUc,https://open.spotify.com/artist/6l3HvQ5sa6mXTsMTB19rO5
Pa Mí - Remix,QM9WM1900002,224EVTFiLsdQignUFLvDeH,"Dalex, Rafa Pabön, Khea, Sech, Cazzu, Feid, Lenny Tavárez","0KPX4Ucy9dk82uj4GpKesn, 11YLRSsZA3YVuQQtHXKTlz, 4m6ubhNsdwF4psNf3R8kwR, 77ziqFxp5gaInVrF2lj4ht, 6w3SkAHYPsQ1bxV7VDlG5y, 2LRoIwlKmHjgvigdNGBHNo, 1pQWsZQehhS4wavwh7Fnxd",Pa Mí (Remix),858167007932,4OyP4eAtpTHXjpVBjJvPNG,2019-02-06,Rich Music,Australia,4,viral,daily,26,2019-03-16,26,24,2019-03-16,"40, 35, 50, 26",https://open.spotify.com/track/224EVTFiLsdQignUFLvDeH,https://open.spotify.com/album/4OyP4eAtpTHXjpVBjJvPNG,https://open.spotify.com/artist/0KPX4Ucy9dk82uj4GpKesn
Who Do You Love (with 5 Seconds of Summer),USQX91803661,11cDEev79fPKi6uJCjUhu8,"The Chainsmokers, 5 Seconds of Summer","69GGBxA162lTqCwzJG5jLp, 5Rl15oVamLq7FbSb0NNBNy",Who Do You Love (with 5 Seconds of Summer),886447509302,7D7hZbj2cLXwozxYePDF6d,2019-02-06,"Disruptor Records, Columbia",Australia,14,viral,daily,10,2019-03-06,27,-1,2019-03-16,"11, 12, 11, 10, 12, 12, 12, 21, 22, 23, 25, 25, 26, 27",https://open.spotify.com/track/11cDEev79fPKi6uJCjUhu8,https://open.spotify.com/album/7D7hZbj2cLXwozxYePDF6d,https://open.spotify.com/artist/69GGBxA162lTqCwzJG5jLp
Shotta Flow,QZ85M1903991,4dAMdQ6g4kGmnc1MDHsg77,NLE Choppa,0ErzCpIMyLcjPiwT4elrtZ,Shotta Flow,191998138551,4O6AXVdjqdJiGYlEm7fz0o,2019-01-16,No Love Entertainment,Australia,23,viral,daily,17,2019-02-23,28,0,2019-03-16,"20, 17, 17, 17, 19, 19, 17, 19, 20, 20, 19, 19, 20, 22, 21, 19, 30, 39, 32, 27, 23, 28, 28",https://open.spotify.com/track/4dAMdQ6g4kGmnc1MDHsg77,https://open.spotify.com/album/4O6AXVdjqdJiGYlEm7fz0o,https://open.spotify.com/artist/0ErzCpIMyLcjPiwT4elrtZ
Hazy Shade of Winter (feat. Ray Toro),USRE11900087,1tBZnhDT8xbgJTs43FiqrD,"Gerard Way, Ray Toro","4YZ5ECfbM2xSTSQTJGBbO5, 7vtO3glDQwyFDY5cTymz4E",Hazy Shade of Winter (feat. Ray Toro),054391946263,4NBFFGWZqYd06XlBPEmgMX,2019-01-23,Reprise,Australia,25,viral,daily,9,2019-02-25,29,-5,2019-03-16,"15, 13, 12, 12, 10, 9, 10, 10, 10, 12, 12, 12, 13, 14, 14, 19, 18, 20, 22, 27, 25, 28, 28, 24, 29",https://open.spotify.com/track/1tBZnhDT8xbgJTs43FiqrD,https://open.spotify.com/album/4NBFFGWZqYd06XlBPEmgMX,https://open.spotify.com/artist/4YZ5ECfbM2xSTSQTJGBbO5
bury a friend,USUM71900770,4NzMOnvSJVNKF7nw5NkXIP,Billie Eilish,6qqNVTkY8uBg9cP3Jd7DAH,bury a friend,602577437243,0lheRPWdziAtZEiww8TrUO,2019-01-29,Darkroom,Australia,21,viral,daily,4,2019-02-24,30,-1,2019-03-16,"4, 4, 4, 5, 4, 5, 5, 9, 10, 12, 13, 15, 17, 17, 26, 25, 27, 29, 29, 29, 30",https://open.spotify.com/track/4NzMOnvSJVNKF7nw5NkXIP,https://open.spotify.com/album/0lheRPWdziAtZEiww8TrUO,https://open.spotify.com/artist/6qqNVTkY8uBg9cP3Jd7DAH
Bestie (feat. Kodak Black),USAT21813077,0jtTDKt1FRTnKbWtWSGLoy,"Bhad Bhabie, Kodak Black","7DuTB6wdzqFJGFLSH17k8e, 46SHBwWsqBkxI7EeeBEQG7",Bestie (feat. Kodak Black),075679855268,5quBSagpG6fUlQ4HIP5vxc,2019-01-30,B.H.A.D. Music,Australia,21,viral,daily,18,2019-03-02,31,-1,2019-03-16,"36, 27, 24, 22, 22, 21, 18, 21, 21, 23, 23, 24, 24, 26, 29, 31, 29, 30, 30, 30, 31",https://open.spotify.com/track/0jtTDKt1FRTnKbWtWSGLoy,https://open.spotify.com/album/5quBSagpG6fUlQ4HIP5vxc,https://open.spotify.com/artist/7DuTB6wdzqFJGFLSH17k8e
Istanbul,USEE10181576,63vL5oxWrlvaJ0ayNaQnbX,They Might Be Giants,6zB02lwP6L6ZH32nggQiJT,Flood,075596090766,7FwAtuhhWivxvK4aPgyyUD,1990-01-01,Rhino,Australia,23,viral,daily,22,2019-02-24,32,-1,2019-03-16,"44, 30, 22, 23, 27, 26, 25, 30, 30, 31, 29, 29, 29, 31, 30, 29, 28, 29, 30, 32, 31, 31, 32",https://open.spotify.com/track/63vL5oxWrlvaJ0ayNaQnbX,https://open.spotify.com/album/7FwAtuhhWivxvK4aPgyyUD,https://open.spotify.com/artist/6zB02lwP6L6ZH32nggQiJT
Drunken Sailor,CA6BE1200020,5Su5ILFp6U83cnIXwfmlC5,The Irish Rovers,0tkKwWigaADLYB9HdFCjYo,Drunken Sailor,654367029404,5iyQuCFO65zkVXaqtBYFuo,2012-02-21,Rover Records,Australia,5,viral,daily,33,2019-03-16,33,3,2019-03-16,"36, 36, 44, 36, 33",https://open.spotify.com/track/5Su5ILFp6U83cnIXwfmlC5,https://open.spotify.com/album/5iyQuCFO65zkVXaqtBYFuo,https://open.spotify.com/artist/0tkKwWigaADLYB9HdFCjYo
Big And Chunky,USUM70840966,5wlaCEfi6Zc6PVlZgoCXV9,will.i.am,085pc2PYOi8bGKj0PNjekA,Madagascar: Escape 2 Africa - Music From The Motion Picture,602517884595,53HHf3pv5FGl41cIa8iJQU,2008-11-02,Interscope,Australia,7,viral,daily,33,2019-03-15,34,-1,2019-03-16,"50, 47, 48, 48, 37, 33, 34",https://open.spotify.com/track/5wlaCEfi6Zc6PVlZgoCXV9,https://open.spotify.com/album/53HHf3pv5FGl41cIa8iJQU,https://open.spotify.com/artist/085pc2PYOi8bGKj0PNjekA
Boys Will Be Bugs,USL4Q1849675,67EUBsc4qosGOVbaYy6TeX,Cavetown,2hR4h1Cao2ueuI7Cx9c7V8,Animal Kingdom: Comet,193428261891,1PKhm3GDDgOUwFbMEkZ89R,2018-12-10,Oat Milk,Australia,13,viral,daily,32,2019-03-15,35,-3,2019-03-16,"42, 41, 40, 41, 45, 44, 44, 48, 49, 35, 34, 32, 35",https://open.spotify.com/track/67EUBsc4qosGOVbaYy6TeX,https://open.spotify.com/album/1PKhm3GDDgOUwFbMEkZ89R,https://open.spotify.com/artist/2hR4h1Cao2ueuI7Cx9c7V8
Faucet Failure,USUM71820924,1ThmUihH9dF8EV08ku5AXN,Ski Mask the Slump God,2rhFzFmezpnW82MNqEKVry,STOKELEY,602577359866,0z0z4DcXhHiobX5ZKAw8Qn,2018-11-29,Republic Records,Australia,68,viral,daily,15,2019-02-02,36,1,2019-03-16,"31, 29, 32, 39, 37, 36, 37, 43, 41, 41, 42, 44, 43, 44, 49, 42, 48, 45, 47, 49, 46, 44, 41, 47, 46, 43, 46, 44, 35, 24, 22, 15, 20, 22, 18, 17, 20, 20, 20, 23, 23, 24, 25, 26, 29, 33, 39, 39, 44, 47, 46, 47, 45, 42, 38, 41, 43, 45, 44, 47, 48, 47, 48, 45, 42, 38, 37, 36",https://open.spotify.com/track/1ThmUihH9dF8EV08ku5AXN,https://open.spotify.com/album/0z0z4DcXhHiobX5ZKAw8Qn,https://open.spotify.com/artist/2rhFzFmezpnW82MNqEKVry
I Can't Have Nice Things,GBKPL1935237,4CnBuBzStNaCMuX6UlA7LB,CXLOE,6M25WWmNO7wK1DnKmd3z6R,I Can't Have Nice Things,5054526169517,33DorE9JKbKwACGMhLNFMR,2019-02-14,"EX EX, YOUNG&VICIOUS",Australia,7,viral,daily,34,2019-03-10,37,7,2019-03-16,"34, 34, 35, 46, 46, 44, 37",https://open.spotify.com/track/4CnBuBzStNaCMuX6UlA7LB,https://open.spotify.com/album/33DorE9JKbKwACGMhLNFMR,https://open.spotify.com/artist/6M25WWmNO7wK1DnKmd3z6R
Juice,USAT21813044,0onslUNmSLDkuYaideYWir,Lizzo,56oDRnqbIiwx4mymNEv7dS,Juice,075679855572,11coWHUoRLfoplozmzNz0v,2019-01-03,"Nice Life, Atlantic",Australia,49,viral,daily,10,2019-02-01,38,1,2019-03-16,"12, 12, 12, 11, 11, 10, 12, 17, 13, 13, 15, 14, 14, 14, 19, 21, 19, 19, 21, 19, 20, 24, 19, 18, 21, 24, 27, 27, 35, 38, 40, 32, 26, 25, 26, 36, 33, 32, 37, 35, 33, 32, 41, 42, 42, 34, 39, 39, 38",https://open.spotify.com/track/0onslUNmSLDkuYaideYWir,https://open.spotify.com/album/11coWHUoRLfoplozmzNz0v,https://open.spotify.com/artist/56oDRnqbIiwx4mymNEv7dS
Breathe 2.0,CHB701800188,4aZLKRZLXeSLcFtp7H3PgI,Vincent,7ymczLNmjz6AVMGApVNWbB,Breathe 2.0,811250024216,2h02acEtvQMO2UXAJUTMAU,2018-11-29,ICONS Music,Australia,4,viral,daily,39,2019-03-16,39,8,2019-03-16,"47, 41, 47, 39",https://open.spotify.com/track/4aZLKRZLXeSLcFtp7H3PgI,https://open.spotify.com/album/2h02acEtvQMO2UXAJUTMAU,https://open.spotify.com/artist/7ymczLNmjz6AVMGApVNWbB
Boasty (feat. Idris Elba),GB5KW1900082,7cz506PyIgh2bMN90Mc8Tn,"Wiley, Stefflon Don, Sean Paul, Idris Elba","7k9T7lZlHjRAM1bb0r9Rm3, 2ExGrw6XpbtUAJHTLtUXUD, 3Isy6kedDrgPYoTS1dazA9, 0Dc2rdPzleezxhvQhQbXuS",Boasty (feat. Idris Elba),4050538472097,7JoyVaXzxpgTPjkgB8mWk3,2019-01-21,BMG Rights Management (UK),Australia,4,viral,daily,40,2019-03-16,40,3,2019-03-16,"50, 46, 43, 40",https://open.spotify.com/track/7cz506PyIgh2bMN90Mc8Tn,https://open.spotify.com/album/7JoyVaXzxpgTPjkgB8mWk3,https://open.spotify.com/artist/7k9T7lZlHjRAM1bb0r9Rm3
As You Find Me - Live,AUHS01912033,4C4HCABSCJDI5LNB7WlXp8,Hillsong United,74cb3MG0x0BOnYNW1uXYnM,As You Find Me (Live),602577443121,390noiIaOOV2M043YmpzIJ,2019-02-07,Hillsong (HIL),Australia,3,viral,daily,41,2019-03-16,41,5,2019-03-16,"49, 46, 41",https://open.spotify.com/track/4C4HCABSCJDI5LNB7WlXp8,https://open.spotify.com/album/390noiIaOOV2M043YmpzIJ,https://open.spotify.com/artist/74cb3MG0x0BOnYNW1uXYnM
Dancin - Krono Remix,QMLA71400326,6WkJ2OK163XXS2oARUC9JM,"Aaron Smith, Luvli","77qukKzmdI5BeMBR7WGUrN, 6dqohi36avY0M9urnyhITr",Dancin (Krono Remix),886444926584,2J2f6vGACFrRghO1Ki74BE,2014-11-09,Sony Music Entertainment,Australia,54,viral,daily,25,2019-03-09,42,-8,2019-03-16,"48, 49, 46, 49, 49, 49, 42, 44, 50, 45, 43, 48, 50, 47, 43, 40, 41, 40, 39, 47, 46, 42, 39, 36, 35, 28, 34, 33, 35, 39, 37, 38, 41, 43, 39, 39, 41, 43, 44, 40, 33, 31, 30, 28, 28, 27, 25, 35, 41, 41, 44, 33, 34, 42",https://open.spotify.com/track/6WkJ2OK163XXS2oARUC9JM,https://open.spotify.com/album/2J2f6vGACFrRghO1Ki74BE,https://open.spotify.com/artist/77qukKzmdI5BeMBR7WGUrN
Drink Too Much,AUFF01900007,0Kay5aNjJKULrS9TbpPZCW,G Flip,4SdIXLzfabqU61iK7SnKAU,Drink Too Much,044003203884,4VKrev8T7WI6QKMUyU7WIM,2019-01-16,G Flip,Australia,35,viral,daily,23,2019-02-28,43,-2,2019-03-16,"31, 31, 32, 35, 37, 36, 37, 49, 48, 49, 48, 49, 40, 29, 34, 31, 26, 24, 23, 24, 25, 34, 35, 37, 38, 39, 41, 39, 49, 43, 43, 39, 42, 41, 43",https://open.spotify.com/track/0Kay5aNjJKULrS9TbpPZCW,https://open.spotify.com/album/4VKrev8T7WI6QKMUyU7WIM,https://open.spotify.com/artist/4SdIXLzfabqU61iK7SnKAU
Wow.,USUM71822626,6MWtB6iiXyIwun0YzU6DFP,Post Malone,246dkjvS1zLTtiykXe5h60,Wow.,602577412813,5Dcz8PZHKuvTyjbqEPL5VM,2018-12-23,Republic Records,Australia,61,viral,daily,1,2019-01-15,44,-2,2019-03-16,"1, 1, 1, 1, 1, 1, 1, 1, 1, 1, 1, 1, 1, 1, 1, 1, 1, 1, 1, 5, 6, 6, 6, 9, 8, 8, 10, 8, 10, 10, 10, 12, 12, 14, 14, 16, 16, 17, 18, 20, 21, 20, 23, 23, 24, 27, 28, 30, 32, 34, 36, 36, 38, 37, 40, 40, 38, 41, 43, 42, 44",https://open.spotify.com/track/6MWtB6iiXyIwun0YzU6DFP,https://open.spotify.com/album/5Dcz8PZHKuvTyjbqEPL5VM,https://open.spotify.com/artist/246dkjvS1zLTtiykXe5h60
Dancing With A Stranger (with Normani),GBUM71807386,6Qs4SXO9dwPj5GKvVOv8Ki,"Sam Smith, Normani","2wY79sveU1sp5g7SokKOiI, 2cWZOOzeOm4WmBJRnD5R7I",Dancing With A Stranger (with Normani),602577404139,1V9oE8bVilClrk5naqyyvL,2019-01-10,Capitol,Australia,42,viral,daily,2,2019-02-03,45,-5,2019-03-16,"2, 2, 2, 3, 3, 3, 3, 3, 3, 4, 4, 4, 4, 4, 8, 8, 7, 9, 10, 10, 11, 12, 12, 15, 15, 15, 14, 15, 19, 20, 21, 22, 21, 22, 24, 33, 33, 33, 33, 36, 40, 45",https://open.spotify.com/track/6Qs4SXO9dwPj5GKvVOv8Ki,https://open.spotify.com/album/1V9oE8bVilClrk5naqyyvL,https://open.spotify.com/artist/2wY79sveU1sp5g7SokKOiI
Act Up,USUG11802247,4eIT2gZ0WZyJpgfmoD6saJ,City Girls,37hAfseJWi0G3Scife12Il,Girl Code,602577328282,45TU0GIOO5AxFoiOPk08i1,2018-11-15,"Quality Control Music, Motown Records, Capitol Records",Australia,8,viral,daily,44,2019-03-10,46,2,2019-03-16,"50, 46, 44, 46, 44, 49, 48, 46",https://open.spotify.com/track/4eIT2gZ0WZyJpgfmoD6saJ,https://open.spotify.com/album/45TU0GIOO5AxFoiOPk08i1,https://open.spotify.com/artist/37hAfseJWi0G3Scife12Il
Brothers,USSM11807756,3OKjDHmSJVKOn6V4hCR8bq,Lil Tjay,6jGMq4yGs7aQzuGsMgVgZR,Brothers,886447341063,0SatSu4oPcySbIrsjWPrOt,2018-10-25,Columbia,Australia,2,viral,daily,47,2019-03-16,47,2,2019-03-16,"49, 47",https://open.spotify.com/track/3OKjDHmSJVKOn6V4hCR8bq,https://open.spotify.com/album/0SatSu4oPcySbIrsjWPrOt,https://open.spotify.com/artist/6jGMq4yGs7aQzuGsMgVgZR
You're Somebody Else,SEXCG1700102,0pdKRp2sUthTPe7RLWpPqQ,flora cash,6GpcBKNmZDIrRzYkPJu7Wd,You're Somebody Else,886447176092,5BuS8meOLEcgGpdPPZfSgC,2018-06-18,"Bee & El, RCA Records",Australia,14,viral,daily,31,2019-03-13,48,-13,2019-03-16,"49, 39, 35, 39, 40, 39, 33, 39, 35, 34, 31, 32, 35, 48",https://open.spotify.com/track/0pdKRp2sUthTPe7RLWpPqQ,https://open.spotify.com/album/5BuS8meOLEcgGpdPPZfSgC,https://open.spotify.com/artist/6GpcBKNmZDIrRzYkPJu7Wd
7 rings,USUM71900110,6ocbgoVGwYJhOv1GgI9NsF,Ariana Grande,66CXWjxzNUsdJxJ2JdwvnR,"thank u, next",602577490385,2fYhqwDWXjbpjaIJPEfKFw,2019-02-07,Republic Records,Australia,14,viral,daily,22,2019-03-03,49,-11,2019-03-16,"22, 22, 24, 24, 26, 31, 30, 38, 38, 36, 37, 40, 38, 49",https://open.spotify.com/track/6ocbgoVGwYJhOv1GgI9NsF,https://open.spotify.com/album/2fYhqwDWXjbpjaIJPEfKFw,https://open.spotify.com/artist/66CXWjxzNUsdJxJ2JdwvnR
365,USUM71900881,2XWjPtKdi5sucFYtVav07d,"Zedd, Katy Perry","2qxJFvFYMEDqd7ui6kSAcq, 6jJ0s89eD6GaHleKKya26X",365,602577461934,7DMS5dzWQu7R3D59CKw4TA,2019-02-13,Interscope Records,Australia,7,viral,daily,36,2019-03-10,50,-5,2019-03-16,"36, 36, 37, 38, 45, 45, 50",https://open.spotify.com/track/2XWjPtKdi5sucFYtVav07d,https://open.spotify.com/album/7DMS5dzWQu7R3D59CKw4TA,https://open.spotify.com/artist/2qxJFvFYMEDqd7ui6kSAcq